currency_pairs,bqrbm_Pearson_mean,bqrbm_Spearman_mean,bqrbm_Kendall_mean,bqrbm_Pearson_std,bqrbm_Spearman_std,bqrbm_Kendall_std,Data_Pearson,Data_Spearman,Data_Kendall,rbm_Pearson_mean,rbm_Spearman_mean,rbm_Kendall_mean,rbm_Pearson_std,rbm_Spearman_std,rbm_Kendall_std
EURUSD/GBPUSD,0.3689022790651185,0.44291299858280503,0.30279433679373546,0.036331722247993095,0.05215106477467141,0.035995854110738315,0.618645669751328,0.6172838737296302,0.4446386065449139,0.4824438247375909,0.5325941928876863,0.3751754670124991,0.0093822065706865,0.0075575957171898,0.005755996142389
EURUSD/USDCAD,-0.25294179450595616,-0.29854351245289745,-0.20100765766339557,0.02615452773680474,0.0380423879474605,0.025751331833559394,-0.4438066537558562,-0.4117530950860286,-0.2868855148045376,-0.3310496039167827,-0.3436067911740813,-0.2351370098040709,0.0102211459555161,0.0098001827119958,0.0068667190602503
EURUSD/USDJPY,-0.11548336652091314,-0.15628172144139177,-0.10528603759828899,0.02587009512439841,0.036434117893274325,0.02460233056878418,-0.2558862196462821,-0.3031770986979536,-0.2121239865817034,-0.2071644563942627,-0.2455015459047381,-0.1683418936507129,0.0110716931456947,0.0098249767258327,0.0067941431000957
GBPUSD/USDCAD,-0.24221928559857936,-0.28068277853810897,-0.18888726121845312,0.022209646715549626,0.03123663094426443,0.021137349149683973,-0.4239226261425816,-0.3736733260943767,-0.2583032570629942,-0.3083068256203282,-0.3271866491039134,-0.2223549426839583,0.0109922660347468,0.0098199298720052,0.0068744631049195
GBPUSD/USDJPY,-0.12238319450047222,-0.1507128611899619,-0.10127898869177646,0.020889019919262248,0.02898037737342837,0.0195154446096547,-0.1387212299458153,-0.207959262557031,-0.145095881404543,-0.1485018028248428,-0.1841919954714614,-0.1253215420722224,0.0098447697155088,0.0088608703565354,0.0060484035630771
USDCAD/USDJPY,0.05001878110328577,0.06191043140810762,0.04127725847727663,0.01544685109913637,0.01999862086028601,0.013349737525307534,0.0021895237160418,0.0608836589470349,0.0424766969126123,0.0584834980768677,0.074288221534169,0.0500518352619129,0.0111093781600395,0.0103678361868507,0.0070107802508434
